EmpID,Age,JobLevel,MonthlyIncome,TotalWorkingYears,YearsAtCompany
RM297,18,1,1420,0,0
RM302,18,1,1200,0,0
RM458,18,1,1878,0,0
RM728,18,1,1051,0,0
RM829,18,1,1904,0,0
RM973,18,1,1611,0,0
RM1154,18,1,1569,0,0
RM1312,18,1,1514,0,0
RM128,19,1,1675,0,0
RM150,19,1,1483,1,1
RM172,19,1,2325,1,0
RM178,19,1,1102,1,1
RM423,19,1,2564,1,1
RM689,19,1,2121,1,1
RM854,19,1,2552,1,1
RM893,19,1,1859,1,1
RM910,19,1,2994,1,1
RM103,20,1,2926,1,1
RM488,20,1,2836,1,1
RM514,20,1,1009,1,1
RM663,20,1,2044,2,2
RM690,20,1,2973,1,1
RM732,20,1,2600,1,1
RM777,20,1,2323,2,2
RM857,20,1,3033,2,2
RM877,20,1,2678,2,2
RM1179,20,1,2783,2,2
RM1198,20,1,2728,2,2
RM024,21,1,1232,0,0
RM275,21,1,3230,3,3
RM358,21,1,2174,3,3
RM363,21,1,2610,3,3
RM371,21,1,2716,1,1
RM497,21,1,3447,3,3
RM664,21,1,2693,1,1
RM778,21,1,1416,1,1
RM816,21,1,2070,2,2
RM916,21,1,2625,2,2
RM1153,21,1,3117,3,2
RM1272,21,1,2679,1,1
RM1437,21,1,2380,2,2
RM018,22,1,2935,1,1
RM110,22,1,2871,1,0
RM129,22,1,2523,3,2
RM161,22,1,2323,2,2
RM207,22,1,2328,4,4
RM384,22,1,2244,2,2
RM444,22,1,3894,4,2
RM499,22,1,2773,3,2
RM631,22,2,4775,4,2
RM667,22,2,4171,4,3
RM735,22,1,2451,4,4
RM861,22,1,2853,1,0
RM1138,22,1,2814,4,4
RM1274,22,1,2398,1,1
RM1340,22,1,2472,1,1
RM1424,22,1,3375,4,3
RM087,23,1,2322,3,0
RM346,23,1,2904,4,4
RM517,23,1,2819,5,3
RM551,23,1,2500,5,4
RM566,23,1,3505,2,2
RM586,23,1,1601,1,0
RM911,23,1,1223,1,1
RM1083,23,2,2272,5,4
RM1128,23,1,2073,4,2
RM1202,23,1,3989,5,5
RM1214,23,1,2275,3,3
RM1239,23,1,3295,3,3
RM1409,23,1,2647,5,5
RM1439,23,1,1790,1,1
RM021,24,2,4011,5,4
RM035,24,1,2293,6,2
RM097,24,2,4999,4,3
RM114,24,1,2774,6,5
RM381,24,2,4260,5,5
RM415,24,1,3202,6,5
RM471,24,1,2400,3,2
RM475,24,1,2725,6,6
RM477,24,1,2127,1,1
RM480,24,1,2886,6,6
RM526,24,2,4577,4,2
RM587,24,1,2694,1,1
RM641,24,1,3162,6,5
RM725,24,2,4377,5,4
RM842,24,1,3597,6,4
RM872,24,1,2210,1,1
RM1026,24,2,4162,5,5
RM1061,24,1,3172,4,0
RM1062,24,1,2033,1,1
RM1098,24,1,2296,2,1
RM1169,24,1,3760,6,6
RM1218,24,1,4401,5,5
RM1223,24,1,1555,1,1
RM1231,24,1,3907,6,6
RM1246,24,1,2145,3,2
RM1408,24,2,4617,4,4
RM108,25,2,5744,6,6
RM109,25,1,2889,2,2
RM139,25,2,8639,6,2
RM256,25,2,4898,5,4
RM268,25,2,4000,6,6
RM398,25,2,4487,5,5
RM406,25,1,4031,6,2
RM479,25,1,2096,7,7
RM518,25,2,4851,4,3
RM564,25,2,6180,6,6
RM619,25,1,3424,6,4
RM635,25,2,4194,5,5
RM639,25,2,4256,5,5
RM684,25,1,2413,1,1
RM797,25,1,3691,7,7
RM886,25,2,4950,5,4
RM912,25,1,1118,1,1
RM935,25,1,2096,2,2
RM966,25,1,3669,7,3
RM994,25,2,6232,6,3
RM1004,25,1,3229,7,3
RM1022,25,1,4400,6,3
RM1175,25,2,5206,7,7
RM1412,25,1,2187,6,2
RM1414,25,1,3977,7,2
RM1434,25,2,4907,6,5
RM043,26,1,2293,1,1
RM055,26,2,4157,5,2
RM126,26,1,2368,5,5
RM135,26,1,2942,8,8
RM279,26,2,6397,6,6
RM285,26,2,4741,5,5
RM289,26,1,2373,5,3
RM294,26,2,5828,8,8
RM356,26,2,5296,8,8
RM383,26,1,3102,7,6
RM419,26,1,2886,3,3
RM454,26,1,2741,8,7
RM461,26,2,4306,8,0
RM464,26,1,2340,1,1
RM476,26,2,6272,6,5
RM506,26,1,2659,3,3
RM572,26,1,4364,5,2
RM574,26,2,5326,6,4
RM615,26,1,2366,8,8
RM686,26,2,4294,7,7
RM734,26,2,5472,8,8
RM749,26,2,4969,7,2
RM763,26,1,2042,6,3
RM770,26,1,2007,5,5
RM782,26,1,3955,6,5
RM798,26,1,2377,1,1
RM844,26,1,4420,8,8
RM913,26,1,2875,8,8
RM999,26,1,3904,5,4
RM1005,26,1,3578,8,7
RM1119,26,1,2061,1,1
RM1207,26,1,2570,7,7
RM1225,26,1,2305,3,3
RM1298,26,1,2148,6,5
RM1310,26,2,4684,5,5
RM1350,26,1,2933,1,1
RM1362,26,1,2544,8,7
RM1387,26,1,2867,8,7
RM1465,26,1,2966,5,4
RM1465,26,1,2966,5,4
RM005,27,1,3468,6,2
RM042,27,1,2341,1,1
RM044,27,3,8726,9,9
RM162,27,1,2024,6,2
RM165,27,1,2566,1,1
RM171,27,1,3058,6,5
RM192,27,1,2279,7,7
RM201,27,2,4298,6,2
RM213,27,2,9981,7,7
RM319,27,1,2478,4,4
RM321,27,2,4478,5,5
RM332,27,2,6349,6,5
RM340,27,2,6214,8,8
RM374,27,1,3816,5,5
RM486,27,1,2187,6,5
RM496,27,1,3041,5,4
RM513,27,1,2045,5,4
RM522,27,2,4647,6,6
RM531,27,3,7412,9,9
RM538,27,3,8793,9,9
RM555,27,2,6811,9,7
RM577,27,2,4342,5,4
RM616,27,1,1706,0,0
RM671,27,1,2318,1,1
RM718,27,1,2811,4,2
RM740,27,2,4227,4,3
RM787,27,1,4621,3,3
RM834,27,1,2539,4,4
RM890,27,1,2235,9,9
RM903,27,1,2517,5,5
RM971,27,1,2534,5,1
RM975,27,2,5071,8,6
RM997,27,2,5769,6,6
RM998,27,1,2394,8,8
RM1018,27,1,2099,6,5
RM1150,27,1,4066,7,7
RM1170,27,1,3517,5,3
RM1171,27,1,2580,6,4
RM1249,27,1,3445,6,6
RM1318,27,1,2379,6,5
RM1329,27,2,3540,9,9
RM1335,27,1,4774,8,7
RM1351,27,2,6500,9,8
RM1368,27,1,2226,6,5
RM1380,27,1,2863,1,1
RM1394,27,2,4105,7,7
RM1468,27,2,6142,6,6
RM1468,27,2,6142,6,6
RM015,28,1,2028,6,4
RM052,28,1,3441,2,2
RM098,28,2,4221,5,5
RM163,28,1,2713,5,5
RM265,28,1,3485,5,0
RM273,28,1,2070,5,5
RM290,28,1,3310,5,5
RM303,28,2,5661,9,8
RM324,28,1,3464,5,3
RM375,28,2,5253,7,7
RM405,28,2,4558,10,10
RM541,28,1,2216,10,7
RM599,28,1,4382,5,2
RM613,28,2,4779,8,8
RM630,28,1,4936,6,5
RM660,28,2,4908,4,4
RM669,28,1,2377,6,2
RM765,28,1,1052,1,1
RM781,28,3,8722,10,10
RM789,28,2,3660,10,8
RM794,28,1,2207,4,4
RM801,28,1,2596,1,1
RM810,28,3,7655,10,9
RM820,28,1,3201,6,5
RM828,28,1,2703,3,3
RM843,28,1,2515,1,1
RM869,28,1,3196,6,6
RM922,28,1,2154,5,4
RM930,28,1,3867,2,2
RM934,28,1,2080,5,3
RM945,28,2,6674,10,9
RM985,28,2,4724,5,5
RM1042,28,2,8463,6,5
RM1057,28,1,2909,5,3
RM1069,28,1,2561,8,0
RM1070,28,1,1563,1,1
RM1071,28,2,4898,5,4
RM1074,28,2,6549,8,8
RM1137,28,1,2408,1,1
RM1152,28,2,4877,6,5
RM1284,28,1,2044,5,5
RM1308,28,1,3591,3,3
RM1324,28,1,2706,3,3
RM1338,28,1,2856,1,1
RM1365,28,2,6834,7,7
RM1370,28,2,9854,6,2
RM1382,28,1,2144,5,5
RM1391,28,1,2367,6,4
RM012,29,2,4193,10,9
RM016,29,3,9980,10,10
RM072,29,1,2703,6,5
RM156,29,2,4319,10,10
RM206,29,3,7639,10,10
RM218,29,1,2058,7,6
RM228,29,3,7918,11,11
RM230,29,1,2389,4,4
RM253,29,1,2340,6,6
RM255,29,2,6931,10,3
RM266,29,2,6644,10,0
RM283,29,2,4554,10,10
RM337,29,1,2119,7,7
RM338,29,1,3983,4,3
RM344,29,2,8268,7,7
RM350,29,2,4649,4,4
RM372,29,1,2201,6,3
RM422,29,1,2546,6,2
RM455,29,2,4262,8,3
RM508,29,2,5561,6,6
RM520,29,1,2720,10,10
RM547,29,1,2642,1,1
RM556,29,1,2297,2,2
RM573,29,2,4335,11,8
RM590,29,1,2319,1,1
RM595,29,1,2700,10,10
RM646,29,1,2800,5,3
RM658,29,1,2532,8,4
RM698,29,1,2157,3,3
RM712,29,1,2404,3,0
RM809,29,1,2514,11,7
RM824,29,1,3291,8,7
RM826,29,2,5056,10,10
RM837,29,3,7336,11,11
RM853,29,1,3131,10,10
RM860,29,1,2168,6,5
RM894,29,1,3760,3,3
RM904,29,2,6623,6,6
RM933,29,1,3339,10,7
RM1006,29,3,7988,10,10
RM1008,29,3,7553,9,8
RM1058,29,2,5765,7,5
RM1064,29,2,8620,10,10
RM1073,29,1,3180,4,3
RM1078,29,1,2362,11,9
RM1091,29,2,9715,9,7
RM1105,29,1,2451,5,1
RM1123,29,1,4723,10,10
RM1126,29,2,8853,6,6
RM1173,29,2,5869,8,5
RM1189,29,2,4187,10,10
RM1220,29,1,2974,9,5
RM1250,29,1,2760,2,2
RM1251,29,2,6294,10,3
RM1259,29,1,2109,1,1
RM1314,29,1,2335,4,2
RM1319,29,1,3812,11,11
RM1325,29,2,6384,11,7
RM1330,29,1,2804,1,1
RM1333,29,1,2439,1,1
RM1344,29,1,2062,11,3
RM1366,29,1,1091,1,1
RM1388,29,2,5373,6,5
RM1443,29,1,4787,4,2
RM1460,29,2,4025,10,4
RM1461,29,1,3785,5,5
RM1461,29,1,3785,5,5
RM008,30,1,2693,1,1
RM033,30,1,2206,10,10
RM045,30,2,4011,12,12
RM081,30,2,5126,10,10
RM089,30,2,4152,11,11
RM093,30,2,5209,11,11
RM121,30,1,2613,10,10
RM140,30,2,6347,12,11
RM144,30,1,2632,5,5
RM146,30,1,3204,8,3
RM147,30,1,2720,6,5
RM168,30,3,9419,12,10
RM174,30,2,3072,12,12
RM212,30,3,8474,12,11
RM215,30,1,2657,8,5
RM217,30,2,6696,9,6
RM325,30,2,5775,11,10
RM339,30,2,6118,10,10
RM355,30,2,4736,4,2
RM382,30,1,2476,1,1
RM386,30,1,2285,3,1
RM403,30,2,6577,6,5
RM411,30,2,6091,11,5
RM420,30,1,2097,9,5
RM424,30,3,8412,10,9
RM427,30,1,2564,12,11
RM438,30,1,2983,4,3
RM481,30,1,2033,1,1
RM502,30,1,2083,1,1
RM546,30,2,5304,10,8
RM582,30,1,3833,7,2
RM603,30,2,6877,12,0
RM624,30,1,3761,10,5
RM703,30,3,7264,10,8
RM721,30,1,2132,7,5
RM731,30,3,11416,9,8
RM733,30,1,2422,4,3
RM783,30,2,9957,7,6
RM845,30,2,6578,10,10
RM866,30,2,4115,8,4
RM875,30,2,3491,10,10
RM887,30,1,3579,12,11
RM932,30,2,4695,10,8
RM942,30,2,4627,10,9
RM1014,30,2,4779,8,3
RM1050,30,2,5301,4,2
RM1053,30,1,1274,1,1
RM1065,30,1,2064,6,5
RM1107,30,2,9714,10,10
RM1110,30,3,9250,9,4
RM1142,30,1,2141,6,6
RM1234,30,1,2862,10,10
RM1245,30,1,4968,10,9
RM1247,30,1,2180,6,4
RM1252,30,3,7140,12,7
RM1260,30,2,5294,10,7
RM1297,30,3,9667,9,7
RM1339,30,1,1081,1,1
RM1413,30,1,3748,12,12
RM013,31,1,2911,5,5
RM059,31,2,5915,10,7
RM073,31,1,2501,1,1
RM076,31,2,4424,11,11
RM125,31,2,6172,12,7
RM133,31,2,4559,4,2
RM181,31,1,3929,7,4
RM225,31,2,4345,6,5
RM260,31,1,3479,6,5
RM267,31,2,5582,10,9
RM293,31,1,2789,2,2
RM304,31,2,6929,10,8
RM310,31,1,4821,6,5
RM311,31,2,6410,9,2
RM313,31,1,2695,3,2
RM322,31,2,7547,13,7
RM326,31,3,8943,10,10
RM343,31,3,7143,11,11
RM370,31,1,2657,3,2
RM395,31,2,4306,13,13
RM400,31,1,2218,4,4
RM435,31,3,10648,13,13
RM440,31,3,9824,12,1
RM451,31,2,6582,10,6
RM457,31,3,11557,10,5
RM483,31,2,4233,9,3
RM485,31,2,5460,13,7
RM645,31,1,2356,8,6
RM676,31,1,2329,13,7
RM680,31,2,6932,9,9
RM691,31,2,5855,10,9
RM710,31,1,2321,4,3
RM727,31,2,4148,4,4
RM819,31,1,2791,3,2
RM832,31,1,2610,2,2
RM896,31,2,6833,6,6
RM897,31,2,6812,10,10
RM951,31,3,9852,10,10
RM953,31,1,2302,3,3
RM981,31,1,2785,3,1
RM986,31,2,6179,10,10
RM1013,31,1,1359,1,1
RM1017,31,1,1261,1,1
RM1031,31,3,10793,13,13
RM1034,31,3,7446,10,10
RM1036,31,1,2109,8,3
RM1037,31,1,3722,7,2
RM1086,31,1,4084,7,7
RM1145,31,2,5332,10,5
RM1192,31,2,5476,10,10
RM1228,31,1,3477,6,5
RM1240,31,2,5238,9,5
RM1248,31,2,8346,6,5
RM1258,31,3,8161,10,1
RM1275,31,2,5468,13,12
RM1307,31,3,9637,9,3
RM1313,31,1,2956,2,1
RM1342,31,2,4197,10,10
RM1359,31,2,6583,8,5
RM1361,31,1,3978,4,2
RM1383,31,1,3065,4,4
RM1390,31,2,5003,10,10
RM1396,31,2,5617,10,10
RM1403,31,1,1129,1,1
RM1406,31,3,11031,13,11
RM1418,31,1,3067,3,2
RM1464,31,2,9936,10,9
RM1464,31,2,9936,10,9
RM006,32,1,3068,8,7
RM017,32,1,3298,7,6
RM027,32,1,3919,10,10
RM061,32,2,6162,9,9
RM074,32,2,6220,10,10
RM095,32,2,5010,12,11
RM102,32,1,2956,1,1
RM141,32,1,4200,10,5
RM145,32,2,4668,9,8
RM155,32,3,8998,9,9
RM170,32,1,3038,8,5
RM211,32,3,10400,14,14
RM239,32,1,3931,6,4
RM240,32,1,3730,4,3
RM242,32,2,4465,4,3
RM261,32,1,2794,5,5
RM263,32,2,2176,9,6
RM307,32,2,5484,13,13
RM320,32,2,5228,13,13
RM323,32,2,5055,10,7
RM352,32,1,2370,8,8
RM470,32,2,4707,6,4
RM501,32,2,6322,6,6
RM528,32,2,5396,10,10
RM532,32,3,11159,10,7
RM559,32,2,5309,10,10
RM601,32,2,6162,14,14
RM623,32,2,4403,8,5
RM627,32,2,5175,9,5
RM638,32,1,2314,4,3
RM642,32,2,6524,10,10
RM657,32,1,2795,1,1
RM683,32,1,2332,5,3
RM693,32,2,6725,8,8
RM757,32,1,4025,10,8
RM851,32,1,2827,1,1
RM881,32,1,2743,2,2
RM882,32,2,4998,10,8
RM936,32,2,6209,10,10
RM940,32,2,4883,10,10
RM992,32,2,4078,4,3
RM1027,32,2,9204,7,4
RM1076,32,3,11244,10,5
RM1102,32,2,5878,12,7
RM1114,32,2,4087,9,6
RM1140,32,1,3312,6,3
RM1191,32,2,5470,10,9
RM1206,32,1,1393,1,1
RM1227,32,1,3433,10,5
RM1238,32,2,6735,10,0
RM1242,32,3,9610,10,4
RM1261,32,1,2718,12,7
RM1320,32,2,4648,4,0
RM1327,32,2,9907,7,2
RM1376,32,1,2432,8,4
RM1389,32,2,6667,9,5
RM1395,32,2,9679,8,1
RM1427,32,1,2837,6,6
RM1429,32,1,2269,3,2
RM1432,32,3,10422,14,14
RM1450,32,1,2439,4,4
RM004,33,1,2909,8,8
RM031,33,1,2496,7,1
RM040,33,2,5376,10,5
RM122,33,2,6146,8,7
RM177,33,1,2500,4,3
RM186,33,1,2756,8,8
RM222,33,1,2622,7,3
RM235,33,1,2436,8,5
RM237,33,1,2707,13,9
RM247,33,1,2911,2,2
RM329,33,2,4682,9,7
RM364,33,1,2851,1,1
RM437,33,1,3408,8,4
RM500,33,2,7104,6,5
RM510,33,2,7725,15,13
RM515,33,1,3348,10,10
RM563,33,1,2686,10,10
RM592,33,2,5324,6,3
RM620,33,2,4037,9,9
RM656,33,1,2277,7,4
RM674,33,1,2799,6,3
RM695,33,2,6949,6,5
RM713,33,1,3452,5,3
RM716,33,2,5488,6,6
RM755,33,1,2342,3,2
RM791,33,3,7119,9,3
RM793,33,2,4508,14,13
RM799,33,1,2313,5,2
RM803,33,2,4302,4,3
RM830,33,2,8224,6,5
RM864,33,1,3600,5,5
RM873,33,2,4539,10,10
RM884,33,1,2781,15,14
RM909,33,3,8380,10,9
RM991,33,2,9998,8,5
RM1048,33,2,4373,5,4
RM1067,33,1,3838,8,5
RM1075,33,2,6388,14,0
RM1092,33,2,4320,5,5
RM1096,33,2,5207,15,15
RM1106,33,2,6392,8,2
RM1190,33,2,5505,6,6
RM1199,33,2,5368,7,6
RM1211,33,1,2028,14,14
RM1254,33,2,5147,13,11
RM1256,33,3,8564,11,0
RM1266,33,2,3055,11,9
RM1283,33,1,3143,14,10
RM1364,33,2,5487,10,10
RM1399,33,2,5968,9,9
RM1416,33,1,2008,1,1
RM1426,33,2,4878,10,9
RM014,34,1,2661,3,2
RM025,34,1,2960,8,4
RM047,34,2,4568,10,9
RM085,34,2,4325,5,5
RM104,34,2,4809,16,16
RM112,34,2,6074,9,9
RM115,34,2,4505,12,1
RM160,34,1,2231,6,4
RM182,34,1,2311,9,3
RM189,34,2,9547,10,10
RM203,34,1,3815,5,5
RM248,34,2,5957,13,11
RM379,34,2,5304,9,5
RM394,34,2,6538,6,3
RM416,34,1,2351,3,2
RM433,34,1,2768,14,7
RM441,34,3,9950,11,3
RM463,34,2,5337,10,10
RM482,34,1,3622,6,6
RM495,34,1,2579,8,8
RM504,34,1,2691,10,10
RM525,34,3,8621,9,8
RM550,34,2,6142,10,5
RM561,34,2,5121,7,0
RM568,34,2,6274,6,6
RM575,34,1,3280,10,4
RM580,34,1,4381,6,6
RM584,34,2,6500,6,3
RM607,34,1,2553,6,5
RM614,34,1,3737,4,3
RM672,34,1,2008,1,1
RM758,34,2,9725,16,15
RM764,34,1,2220,1,1
RM795,34,2,7756,7,6
RM804,34,1,2979,6,0
RM823,34,2,4033,5,3
RM835,34,2,5714,6,6
RM848,34,2,5343,14,13
RM907,34,1,2585,2,1
RM918,34,2,4538,4,3
RM921,34,2,4444,15,11
RM924,34,2,4490,14,10
RM959,34,3,8500,10,9
RM965,34,2,6125,10,10
RM978,34,1,2029,5,5
RM980,34,2,5429,10,8
RM984,34,2,6687,14,14
RM1016,34,1,2996,10,4
RM1028,34,1,3294,7,5
RM1040,34,1,2742,2,2
RM1049,34,2,4759,15,13
RM1059,34,2,4599,16,15
RM1085,34,3,7083,10,10
RM1088,34,1,2308,12,11
RM1116,34,1,2972,1,1
RM1118,34,2,5484,9,2
RM1132,34,2,5063,8,8
RM1147,34,2,4724,9,9
RM1180,34,2,5433,11,11
RM1209,34,2,3986,15,15
RM1213,34,1,2929,10,10
RM1253,34,1,2932,6,5
RM1268,34,2,4001,15,15
RM1271,34,2,6029,6,2
RM1291,34,2,5346,11,7
RM1301,34,2,6799,10,10
RM1343,34,3,9713,9,5
RM1354,34,1,2307,5,5
RM1360,34,2,8103,9,4
RM1369,34,2,5747,16,15
RM1385,34,3,9888,14,14
RM1386,34,3,8628,9,8
RM1447,34,2,6712,8,8
RM1470,34,2,4404,6,4
RM1470,34,2,4404,6,4
RM011,35,1,2426,6,5
RM038,35,1,2014,2,2
RM041,35,1,1951,1,1
RM050,35,1,2269,1,1
RM054,35,3,9884,10,4
RM057,35,3,9069,9,9
RM058,35,1,4014,4,2
RM069,35,1,2194,5,3
RM077,35,2,4312,16,15
RM082,35,1,2859,6,6
RM152,35,3,7295,10,10
RM193,35,2,5916,8,1
RM197,35,2,4425,10,6
RM229,35,3,8789,10,10
RM298,35,3,8020,12,11
RM345,35,3,8095,17,16
RM373,35,2,6540,10,1
RM431,35,1,4230,6,5
RM439,35,3,7632,10,8
RM448,35,2,4717,15,11
RM462,35,2,4859,5,5
RM484,35,2,3681,9,3
RM509,35,2,6646,17,17
RM516,35,1,1281,1,1
RM558,35,2,5093,16,1
RM581,35,1,2572,3,3
RM597,35,1,2506,7,2
RM612,35,3,10221,17,8
RM621,35,1,2559,6,6
RM636,35,3,10685,17,17
RM637,35,1,2022,10,10
RM648,35,3,10903,16,13
RM677,35,2,4014,10,10
RM699,35,2,4601,5,5
RM705,35,3,7823,12,10
RM726,35,1,3743,5,4
RM730,35,3,10388,16,16
RM741,35,1,3917,3,3
RM792,35,3,9582,9,8
RM821,35,2,4968,5,5
RM836,35,1,4323,6,5
RM841,35,1,2258,10,8
RM847,35,3,10274,15,7
RM849,35,1,2376,2,2
RM871,35,2,8966,15,7
RM889,35,3,10377,16,13
RM925,35,1,3506,4,3
RM962,35,2,4249,9,9
RM974,35,2,5363,10,9
RM982,35,2,4614,5,4
RM1003,35,3,9362,10,2
RM1060,35,1,2404,1,1
RM1082,35,3,8606,11,11
RM1101,35,1,2430,6,5
RM1109,35,1,2450,3,3
RM1111,35,1,2074,1,1
RM1124,35,2,6142,10,5
RM1131,35,2,3407,10,10
RM1135,35,1,2690,1,1
RM1151,35,2,5208,16,16
RM1158,35,2,4148,15,14
RM1163,35,3,10306,15,13
RM1168,35,2,5440,7,2
RM1187,35,2,4581,13,11
RM1216,35,1,4930,6,5
RM1233,35,2,6883,17,7
RM1282,35,2,5813,10,10
RM1289,35,2,5762,15,7
RM1303,35,1,2705,6,5
RM1346,35,2,4788,4,3
RM1381,35,2,5561,6,5
RM1393,35,2,5204,10,10
RM1423,35,1,2660,5,2
RM1425,35,2,5098,10,10
RM1451,35,3,8837,9,9
RM1457,35,2,5689,10,10
RM1459,35,1,2977,4,4
RM010,36,2,5237,17,7
RM022,36,1,3407,10,5
RM039,36,1,3419,6,1
RM065,36,3,10096,17,17
RM067,36,2,6499,6,6
RM070,36,1,3388,2,1
RM075,36,1,3038,5,1
RM118,36,3,9738,10,9
RM119,36,1,2835,7,1
RM136,36,2,4941,7,3
RM173,36,1,2088,13,8
RM208,36,1,2153,8,8
RM221,36,2,5914,16,13
RM270,36,1,3210,16,15
RM292,36,2,4485,10,8
RM299,36,1,3688,4,1
RM306,36,2,5674,11,9
RM359,36,2,6653,7,1
RM360,36,3,9699,16,13
RM378,36,1,2543,6,2
RM385,36,3,7596,10,10
RM443,36,3,9980,10,10
RM512,36,2,8847,13,3
RM570,36,3,7587,10,10
RM594,36,2,5228,10,9
RM600,36,1,2143,8,5
RM622,36,2,6201,18,18
RM634,36,1,2342,6,5
RM665,36,2,6586,17,16
RM681,36,1,4678,8,6
RM688,36,1,2519,16,11
RM694,36,3,10325,16,16
RM709,36,2,5079,12,7
RM753,36,1,2743,18,17
RM762,36,2,4834,9,1
RM774,36,3,8858,15,14
RM818,36,2,7779,18,11
RM874,36,1,2741,7,7
RM883,36,3,10252,17,7
RM901,36,1,3692,12,11
RM928,36,2,5410,18,16
RM943,36,3,7094,10,7
RM969,36,2,4639,17,15
RM1012,36,2,9278,15,5
RM1019,36,2,5810,10,10
RM1020,36,2,5647,11,3
RM1103,36,1,2644,7,3
RM1122,36,2,6815,15,1
RM1129,36,2,5562,9,3
RM1146,36,2,4663,7,3
RM1174,36,3,8008,9,3
RM1181,36,1,2013,15,4
RM1183,36,2,4374,4,3
RM1184,36,2,6842,13,5
RM1200,36,2,5347,10,3
RM1221,36,2,4502,17,13
RM1237,36,2,6134,16,2
RM1279,36,3,8321,15,12
RM1316,36,2,6962,15,1
RM1341,36,2,5673,10,10
RM1348,36,2,3886,10,10
RM1356,36,2,5507,12,4
RM1384,36,1,2810,5,5
RM1440,36,3,7644,10,9
RM1441,36,2,5131,18,4
RM1448,36,2,5406,15,15
RM1454,36,2,6652,8,6
RM1466,36,2,2571,17,5
RM1466,36,2,2571,17,5
RM003,37,1,2090,7,0
RM048,37,1,3022,8,1
RM060,37,2,5993,7,7
RM101,37,1,2073,7,3
RM105,37,2,5163,17,1
RM116,37,3,7428,12,5
RM196,37,1,3564,8,8
RM227,37,1,2793,13,9
RM249,37,1,3920,17,3
RM251,37,3,10048,17,1
RM274,37,2,6502,7,5
RM286,37,1,2115,17,17
RM295,37,1,2326,4,4
RM341,37,2,6347,8,6
RM354,37,2,5974,13,7
RM365,37,1,3452,17,5
RM387,37,1,3034,18,18
RM390,37,2,4197,18,1
RM399,37,2,4449,15,13
RM465,37,3,7491,12,6
RM468,37,3,8834,9,9
RM473,37,2,6447,8,6
RM487,37,2,9602,17,3
RM507,37,3,9434,10,10
RM523,37,1,4680,4,1
RM578,37,1,2782,6,5
RM629,37,2,6334,9,1
RM649,37,1,2973,10,5
RM653,37,3,7642,10,10
RM696,37,3,10609,17,14
RM745,37,2,4777,15,1
RM768,37,2,4107,8,4
RM796,37,2,6694,8,1
RM833,37,2,5731,9,6
RM856,37,2,6474,14,14
RM990,37,1,2996,8,6
RM1002,37,1,3629,8,3
RM1023,37,1,3500,7,6
RM1090,37,2,4285,10,10
RM1159,37,2,5768,9,4
RM1164,37,1,3936,8,8
RM1212,37,2,9525,6,6
RM1277,37,2,4189,5,5
RM1281,37,2,4071,19,10
RM1292,37,2,4213,10,10
RM1345,37,2,4284,16,5
RM009,38,3,9526,10,9
RM020,38,1,3944,6,3
RM062,38,2,2406,10,10
RM084,38,2,5329,17,13
RM143,38,2,4317,19,3
RM169,38,2,8686,12,8
RM180,38,1,2288,2,2
RM199,38,2,6553,14,1
RM200,38,2,6261,9,7
RM205,38,2,6673,17,1
RM224,38,3,10609,17,16
RM262,38,2,5249,13,8
RM278,38,2,5605,8,8
RM288,38,2,5745,10,2
RM342,38,3,11510,12,11
RM417,38,1,1702,1,1
RM472,38,2,9824,18,1
RM491,38,1,2619,8,0
RM519,38,2,4028,8,7
RM530,38,2,7625,10,9
RM543,38,3,7861,10,1
RM560,38,1,3057,6,1
RM579,38,2,5980,17,15
RM606,38,2,6288,13,4
RM643,38,1,2899,3,2
RM704,38,2,5666,6,5
RM723,38,1,2684,3,2
RM748,38,2,6861,19,1
RM766,38,1,2821,8,2
RM785,38,3,8823,20,19
RM808,38,3,8740,9,8
RM812,38,3,7351,10,1
RM827,38,1,2844,7,7
RM964,38,2,6893,11,7
RM983,38,1,2610,4,4
RM1108,38,2,6077,10,6
RM1113,38,2,4855,7,5
RM1120,38,2,9924,10,9
RM1121,38,2,4198,8,3
RM1162,38,3,7756,10,5
RM1188,38,2,4735,19,13
RM1194,38,1,2440,4,4
RM1203,38,1,3306,7,0
RM1257,38,1,2468,9,6
RM1262,38,2,5811,15,1
RM1273,38,1,3702,5,5
RM1290,38,1,2592,13,11
RM1309,38,2,5405,20,4
RM1374,38,2,2133,20,20
RM1377,38,1,4771,10,5
RM1392,38,1,2858,20,1
RM1401,38,1,2991,7,6
RM1417,38,2,4440,16,15
RM1419,38,2,5321,10,8
RM1452,38,2,5343,10,10
RM034,39,2,2086,19,1
RM138,39,2,5902,17,15
RM241,39,1,2232,7,3
RM252,39,3,10938,20,19
RM305,39,3,9613,19,18
RM328,39,2,5238,12,1
RM450,39,1,3755,8,8
RM527,39,2,4553,20,20
RM552,39,2,6389,12,8
RM655,39,2,5204,13,5
RM670,39,1,2404,8,2
RM706,39,3,7880,9,8
RM754,39,3,10880,21,21
RM817,39,2,6782,9,5
RM941,39,1,3904,6,5
RM950,39,2,4534,9,8
RM987,39,2,6120,8,5
RM993,39,3,10920,13,6
RM1033,39,1,3646,11,1
RM1080,39,3,8376,9,2
RM1125,39,3,8237,11,7
RM1149,39,2,5377,10,7
RM1156,39,2,3069,11,10
RM1160,39,2,5042,10,9
RM1176,39,2,5295,7,5
RM1241,39,2,6472,9,9
RM1293,39,2,4127,7,2
RM1336,39,2,3902,7,2
RM1367,39,2,5736,10,3
RM1373,39,2,5151,10,10
RM1430,39,2,4108,18,7
RM1467,39,3,9991,9,7
RM1467,39,3,9991,9,7
RM151,40,2,5605,20,20
RM159,40,3,10855,15,12
RM204,40,2,2741,15,7
RM209,40,2,4876,5,3
RM244,40,2,3319,9,9
RM336,40,2,7457,6,4
RM362,40,1,2213,10,7
RM369,40,2,6380,8,6
RM388,40,2,5715,8,5
RM392,40,2,3448,20,1
RM459,40,3,10932,20,1
RM534,40,3,10475,20,18
RM554,40,1,2342,5,4
RM583,40,2,4244,8,8
RM602,40,2,5094,10,1
RM685,40,3,9705,11,1
RM692,40,1,3617,3,1
RM769,40,2,8396,8,7
RM786,40,3,10322,14,11
RM846,40,2,4422,16,1
RM867,40,2,4327,5,0
RM885,40,2,6852,7,5
RM947,40,3,9094,9,5
RM958,40,1,3544,6,4
RM960,40,2,4661,9,9
RM968,40,1,2387,7,4
RM979,40,2,6377,15,12
RM1030,40,2,3975,11,8
RM1046,40,1,2345,8,3
RM1084,40,1,2018,15,5
RM1095,40,2,5473,9,8
RM1099,40,2,4069,8,2
RM1133,40,2,4639,5,5
RM1157,40,3,10435,18,18
RM1165,40,3,7945,18,4
RM1172,40,1,2166,10,4
RM1230,40,2,6516,18,1
RM1287,40,1,3377,7,4
RM1300,40,2,6513,12,5
RM1305,40,2,4448,15,7
RM1410,40,2,6323,10,10
RM1411,40,2,5677,15,11
RM1428,40,1,2406,8,1
RM1456,40,1,2809,8,2
RM1458,40,1,2001,20,5
RM001,41,2,5993,8,6
RM134,41,3,8189,12,9
RM149,41,1,2238,7,5
RM167,41,1,2451,13,9
RM183,41,1,3140,4,4
RM243,41,2,3072,17,1
RM347,41,2,6032,8,5
RM367,41,2,9355,8,8
RM404,41,3,8392,10,10
RM447,41,2,6230,16,14
RM460,41,2,6811,10,8
RM668,41,1,2778,10,7
RM687,41,1,4721,20,18
RM738,41,2,5003,8,2
RM784,41,1,3376,10,10
RM831,41,1,4766,6,1
RM865,41,1,2107,5,1
RM952,41,2,6151,19,19
RM961,41,2,4103,10,9
RM989,41,2,5467,12,6
RM1029,41,1,2127,7,4
RM1197,41,3,7082,21,2
RM1219,41,3,9241,10,10
RM1229,41,2,6430,10,3
RM1267,41,1,2289,5,5
RM1295,41,2,6870,11,3
RM1296,41,3,10447,23,22
RM1357,41,2,4393,14,5
RM1421,41,1,2782,12,5
RM1449,41,2,8938,14,5
RM028,42,2,6825,10,9
RM198,42,2,5265,11,5
RM254,42,2,6545,10,3
RM257,42,1,2593,10,9
RM282,42,2,4907,20,20
RM351,42,1,2696,4,3
RM357,42,2,6781,14,1
RM389,42,1,2576,8,5
RM410,42,2,4556,19,5
RM414,42,2,4523,7,6
RM442,42,1,2093,8,2
RM452,42,3,7406,10,10
RM489,42,2,4089,10,10
RM548,42,1,2759,7,2
RM598,42,2,6062,8,4
RM605,42,2,4434,10,9
RM633,42,1,2515,8,2
RM644,42,2,5231,17,5
RM673,42,2,6244,10,5
RM825,42,2,4272,16,1
RM840,42,2,5155,9,6
RM879,42,2,6272,10,4
RM926,42,2,2372,18,1
RM1051,42,1,3673,12,12
RM1089,42,1,4841,4,1
RM1094,42,3,10124,24,20
RM1264,42,1,2766,7,5
RM1288,42,2,5538,10,0
RM1321,42,1,2936,10,6
RM1326,42,1,3968,8,0
RM1379,42,2,5087,14,0
RM1405,42,2,4332,20,20
RM1420,42,2,5410,9,4
RM036,43,1,2645,6,5
RM131,43,1,4739,18,3
RM194,43,1,2089,7,5
RM316,43,1,2455,9,8
RM331,43,2,5257,9,9
RM334,43,3,9985,10,1
RM396,43,1,2258,8,3
RM397,43,2,4522,8,5
RM492,43,2,5679,10,8
RM549,43,2,6804,7,2
RM651,43,2,5562,12,5
RM662,43,2,4765,4,1
RM776,43,3,10798,18,1
RM813,43,3,10820,18,8
RM850,43,2,5346,7,4
RM927,43,3,10231,23,21
RM996,43,2,4081,20,20
RM1134,43,1,4876,8,6
RM1217,43,2,7847,10,10
RM1263,43,1,2437,6,1
RM1270,43,1,3539,10,9
RM1294,43,1,2438,7,3
RM1317,43,2,5675,7,7
RM1400,43,3,7510,10,10
RM029,44,3,10248,24,22
RM032,44,2,6465,9,4
RM053,44,2,5454,9,4
RM100,44,2,2042,17,3
RM287,44,1,3161,19,1
RM494,44,2,5985,10,2
RM544,44,1,3708,9,5
RM618,44,2,5933,10,5
RM632,44,1,2818,10,3
RM659,44,1,2559,8,8
RM790,44,3,10482,24,20
RM858,44,1,2936,6,6
RM863,44,1,2290,6,0
RM876,44,2,4541,20,20
RM892,44,1,2011,10,10
RM929,44,3,7978,10,10
RM954,44,1,2362,10,3
RM1043,44,1,3162,7,5
RM1047,44,1,3420,6,5
RM1052,44,2,4768,11,1
RM1063,44,3,10209,16,2
RM1166,44,2,5743,14,10
RM1201,44,1,3195,8,2
RM1215,44,3,7879,9,8
RM1280,44,1,2342,6,5
RM1353,44,2,5033,10,2
RM1436,44,1,2436,6,4
RM068,45,3,9724,25,1
RM142,45,1,3452,9,6
RM154,45,2,2348,20,17
RM175,45,2,5006,9,5
RM219,45,3,8865,23,19
RM250,45,2,6434,9,3
RM312,45,3,5210,24,24
RM335,45,2,3697,12,10
RM408,45,1,2654,8,2
RM453,45,2,4805,9,8
RM505,45,2,4286,5,1
RM565,45,2,6632,9,8
RM604,45,1,2274,1,1
RM626,45,3,10761,18,5
RM697,45,2,4447,9,9
RM714,45,1,2270,8,5
RM719,45,2,3633,9,9
RM760,45,1,2177,6,6
RM806,45,2,5593,15,15
RM855,45,1,4477,7,3
RM1035,45,3,10851,24,7
RM1038,45,3,9380,10,3
RM1093,45,1,2132,8,5
RM1100,45,3,7441,10,10
RM1143,45,2,5769,10,10
RM1144,45,2,4385,10,10
RM1161,45,2,5770,10,10
RM1222,45,3,10748,25,23
RM1244,45,3,9756,9,5
RM1315,45,2,5154,10,8
RM1347,45,2,5906,10,9
RM1363,45,2,5399,12,4
RM1455,45,2,4850,8,5
RM049,46,2,5772,14,9
RM080,46,2,5021,16,4
RM090,46,3,9619,9,9
RM094,46,3,10673,21,10
RM179,46,3,10453,24,24
RM210,46,3,9396,17,4
RM366,46,2,5258,7,1
RM413,46,2,4810,19,10
RM434,46,3,9071,15,3
RM466,46,3,10527,28,2
RM724,46,3,10845,13,8
RM779,46,2,4615,19,16
RM878,46,2,7379,12,6
RM944,46,1,3423,10,7
RM1032,46,3,10096,28,7
RM1232,46,2,5562,19,10
RM1236,46,3,10368,13,10
RM1286,46,2,7991,6,2
RM1299,46,2,8926,13,9
RM1323,46,3,8578,12,9
RM1334,46,3,7314,14,8
RM348,47,2,2976,5,0
RM429,47,2,5070,20,5
RM533,47,2,4960,20,7
RM567,47,2,6397,8,5
RM652,47,2,4537,8,7
RM666,47,1,3294,3,3
RM708,47,2,5067,20,19
RM720,47,2,4163,9,9
RM1021,47,1,3420,17,6
RM1068,47,2,4591,11,5
RM1235,47,2,4978,4,1
RM1304,47,3,10333,28,22
RM1322,47,1,2105,7,2
RM1371,47,2,5467,16,8
RM1415,47,3,8633,25,17
RM051,48,3,5381,23,1
RM445,48,2,4051,14,9
RM521,48,2,8120,12,2
RM679,48,1,2259,13,0
RM736,48,2,4240,19,2
RM737,48,3,10999,27,15
RM902,48,1,2559,7,1
RM970,48,3,7898,11,10
RM1039,48,2,5486,15,2
RM1104,48,2,6439,18,8
RM1115,48,1,2367,10,8
RM1205,48,1,2655,19,9
RM002,49,2,5130,10,10
RM130,49,2,6567,16,15
RM202,49,2,6804,7,7
RM376,49,3,10965,26,5
RM608,49,3,7654,9,9
RM640,49,1,3580,7,4
RM678,49,3,7403,29,26
RM1007,49,2,4284,20,4
RM1045,49,2,6651,20,3
RM1055,49,3,10466,29,8
RM1072,49,2,4789,10,3
RM1148,49,1,3211,10,9
RM1193,49,1,2587,17,2
RM1255,49,2,4507,8,5
RM1469,49,2,5390,17,9
RM1469,49,2,5390,17,9
RM037,50,1,2683,3,3
RM132,50,3,9208,16,2
RM184,50,1,3690,5,3
RM368,50,3,10496,20,4
RM524,50,1,3221,20,20
RM529,50,2,6796,18,4
RM540,50,1,3875,4,2
RM743,50,1,2380,8,1
RM752,50,2,6347,19,18
RM802,50,2,4728,5,0
RM1139,50,4,11245,32,30
RM1453,50,2,6728,12,6
RM1462,50,3,10854,20,3
RM1462,50,3,10854,20,3
RM088,51,1,2075,10,4
RM092,51,2,5441,11,10
RM111,51,3,7484,23,13
RM137,51,3,10650,18,4
RM157,51,2,6132,10,1
RM259,51,1,2723,1,1
RM300,51,2,5482,13,4
RM377,51,2,4936,18,7
RM780,51,1,2461,18,10
RM931,51,1,2838,8,7
RM988,51,3,10596,14,4
RM231,52,1,3212,6,2
RM318,52,2,4941,11,8
RM407,52,3,7969,28,5
RM469,52,2,5577,18,10
RM571,52,1,4258,5,4
RM588,52,2,3149,9,5
RM807,52,3,10445,18,8
RM948,52,3,8446,10,8
RM1001,52,1,2950,12,5
RM1435,52,1,3482,16,9
RM153,53,2,2306,13,7
RM185,53,2,4450,5,4
RM503,53,2,8381,18,14
RM557,53,2,2450,19,2
RM625,53,3,10934,35,5
RM761,53,3,7525,30,15
RM1112,53,3,10169,34,33
RM1204,53,3,7005,11,4
RM1397,53,3,10448,15,2
RM220,54,2,5940,16,6
RM333,54,2,4869,20,4
RM432,54,2,3780,19,1
RM511,54,3,10725,16,9
RM576,54,2,5485,9,5
RM729,54,3,10739,22,10
RM772,54,3,10686,13,9
RM891,54,3,10502,33,5
RM1306,54,2,6854,14,7
RM1398,54,2,2897,9,4
RM1407,54,2,4440,9,5
RM083,55,3,10239,24,1
RM284,55,2,5415,12,10
RM609,55,2,5160,12,9
RM746,55,2,6385,17,8
RM788,55,3,10976,23,3
RM1066,55,2,4035,4,3
RM1208,55,1,3537,8,4
RM1337,55,1,2662,19,5
RM086,56,3,7260,37,6
RM123,56,1,4963,7,5
RM176,56,1,4257,19,2
RM553,56,4,11103,30,10
RM773,56,1,2942,18,5
RM1024,56,1,2066,5,3
RM1355,56,1,2587,5,4
RM1372,56,2,5380,6,0
RM1442,56,2,6306,13,13
RM1445,56,1,2339,14,10
RM164,57,3,9439,12,5
RM361,57,2,6755,15,3
RM1054,57,2,4900,13,12
RM127,58,3,10312,40,40
RM158,58,1,3346,9,1
RM309,58,2,5660,12,5
RM661,58,1,2380,3,1
RM675,58,3,10552,24,6
RM701,58,1,2479,7,1
RM939,58,1,2372,2,2
RM967,58,3,10008,31,10
RM007,59,1,2670,12,1
RM064,59,3,7637,28,21
RM071,59,2,5473,20,4
RM226,59,1,2177,7,1
RM233,59,1,2267,7,2
RM898,59,2,5171,13,6
RM920,59,3,10512,25,9
RM428,60,3,10266,22,18
RM537,60,2,5405,10,2
RM880,60,2,5220,12,11
RM1210,60,3,10883,19,1
